{
    "lr": 0.0014076476816019172,
    "lmbda": 0.6620151071490893,
    "reg": "none",
    "batch_size": 16
}